Date,Product,Region,Sales,Returns,Discount,OrderStatus,Priority
2024-01-01,Widget A,West,539.55,48.49,10.0,Normal,Standard
2024-01-02,Widget B,West,943.35,110.2,10.0,Anomaly,Standard
2024-01-03,Widget B,West,561.82,23.56,0.0,Normal,Premium
2024-01-04,Widget A,East,587.16,38.71,0.0,Normal,Standard
2024-01-05,Widget C,East,581.58,32.15,0.0,Normal,Standard
2024-01-06,Widget A,West,638.89,33.78,0.0,Normal,Standard
2024-01-07,Widget C,North,611.73,28.76,0.0,Normal,Premium
2024-01-08,Widget A,East,570.51,22.45,10.0,Normal,Standard
2024-01-09,Widget A,North,512.28,32.53,0.0,Normal,Standard
2024-01-10,Widget A,South,337.29,40.18,0.0,Normal,Premium
2024-01-11,Widget A,North,567.26,45.14,0.0,Normal,Standard
2024-01-12,Widget B,North,959.2,107.63,0.0,Anomaly,Standard
2024-01-13,Widget A,South,549.87,33.04,15.0,Normal,Standard
2024-01-14,Widget A,South,379.56,26.88,0.0,Normal,Standard
2024-01-15,Widget B,East,401.08,37.62,0.0,Normal,Standard
2024-01-16,Widget B,North,635.85,27.82,0.0,Normal,Premium
2024-01-17,Widget B,East,515.65,44.88,0.0,Normal,Standard
2024-01-18,Widget A,North,594.97,16.57,0.0,Normal,Standard
2024-01-19,Widget B,East,523.12,33.68,0.0,Normal,Standard
2024-01-20,Widget B,East,523.27,41.61,0.0,Normal,Standard
2024-01-21,Widget A,East,623.21,40.21,0.0,Normal,Standard
2024-01-22,Widget A,East,463.24,70.32,0.0,Normal,Standard
2024-01-23,Widget A,South,530.57,42.2,0.0,Normal,Standard
2024-01-24,Widget A,West,469.15,25.95,20.0,Normal,Standard
2024-01-25,Widget A,South,472.21,36.85,0.0,Normal,Standard
2024-01-26,Widget A,South,485.99,16.69,0.0,Normal,Standard
2024-01-27,Widget B,East,544.43,38.71,0.0,Normal,Standard
2024-01-28,Widget B,North,467.34,28.0,0.0,Normal,Standard
2024-01-29,Widget C,East,658.13,48.98,10.0,Normal,Standard
2024-01-30,Widget B,East,421.59,31.41,0.0,Normal,Standard
2024-01-31,Widget A,South,499.44,36.6,5.0,Normal,Standard
2024-02-01,Widget C,North,471.63,30.37,0.0,Normal,Standard
2024-02-02,Widget C,North,679.17,58.87,0.0,Normal,Standard
2024-02-03,Widget A,West,541.62,34.15,10.0,Normal,Standard
2024-02-04,Widget B,East,928.52,82.07,0.0,Anomaly,Standard
2024-02-05,Widget C,North,356.59,47.77,0.0,Normal,Standard
2024-02-06,Widget B,South,549.38,43.78,0.0,Normal,Standard
2024-02-07,Widget C,East,617.86,42.42,5.0,Normal,Standard
2024-02-08,Widget A,West,529.05,42.73,0.0,Normal,Standard
2024-02-09,Widget A,North,637.2,14.87,15.0,Normal,Standard
2024-02-10,Widget A,North,463.1,34.65,0.0,Normal,Standard
2024-02-11,Widget B,West,675.03,48.14,15.0,Normal,Standard
2024-02-12,Widget B,North,772.88,37.41,0.0,Normal,Standard
2024-02-13,Widget C,North,480.09,21.14,5.0,Normal,Standard
2024-02-14,Widget A,West,470.99,37.37,0.0,Normal,Premium
2024-02-15,Widget A,East,679.87,58.45,15.0,Normal,Standard
2024-02-16,Widget B,South,693.75,52.96,0.0,Normal,Standard
2024-02-17,Widget B,North,462.49,37.26,0.0,Normal,Standard
2024-02-18,Widget A,North,473.78,49.42,0.0,Normal,Standard
2024-02-19,Widget A,North,489.0,33.6,0.0,Normal,Standard
2024-02-20,Widget B,West,1006.66,113.92,0.0,Anomaly,Standard
2024-02-21,Widget B,South,418.95,26.91,15.0,Normal,Standard
2024-02-22,Widget A,East,409.54,56.75,20.0,Normal,Standard
2024-02-23,Widget A,West,435.54,38.71,0.0,Normal,Standard
2024-02-24,Widget C,South,516.18,35.08,15.0,Normal,Standard
2024-02-25,Widget B,North,545.76,34.4,0.0,Normal,Standard
2024-02-26,Widget A,East,690.56,60.85,0.0,Normal,Premium
2024-02-27,Widget A,West,410.18,57.51,5.0,Normal,Standard
2024-02-28,Widget B,West,628.28,64.63,5.0,Normal,Standard
2024-02-29,Widget A,North,496.46,36.09,20.0,Normal,Standard
2024-03-01,Widget A,East,514.56,41.55,0.0,Normal,Standard
2024-03-02,Widget B,East,594.23,19.8,5.0,Normal,Standard
2024-03-03,Widget A,West,396.5,38.71,0.0,Normal,Standard
2024-03-04,Widget B,North,562.07,23.99,0.0,Normal,Standard
2024-03-05,Widget A,East,538.31,40.6,0.0,Normal,Standard
2024-03-06,Widget B,West,574.17,24.83,20.0,Normal,Premium
2024-03-07,Widget A,South,551.81,30.93,0.0,Normal,Standard
2024-03-08,Widget A,South,790.08,27.95,10.0,Normal,Premium
2024-03-09,Widget A,North,449.85,30.71,0.0,Normal,Standard
2024-03-10,Widget C,South,984.18,77.01,0.0,Anomaly,Premium
2024-03-11,Widget C,South,451.45,31.42,0.0,Normal,Standard
2024-03-12,Widget A,West,458.9,48.0,0.0,Normal,Standard
2024-03-13,Widget B,South,449.89,24.74,0.0,Normal,Standard
2024-03-14,Widget B,South,650.79,40.65,10.0,Normal,Standard
2024-03-15,Widget C,East,676.26,52.62,0.0,Normal,Standard
2024-03-16,Widget A,North,457.22,31.84,0.0,Normal,Standard
2024-03-17,Widget B,South,428.44,38.71,0.0,Normal,Standard
2024-03-18,Widget A,East,571.86,38.71,0.0,Normal,Standard
2024-03-19,Widget A,West,459.26,52.16,0.0,Normal,Standard
2024-03-20,Widget C,East,589.62,40.33,15.0,Normal,Standard
2024-03-21,Widget B,East,542.32,31.63,5.0,Normal,Standard
2024-03-22,Widget A,North,353.27,43.81,10.0,Normal,Standard
2024-03-23,Widget A,West,690.23,38.71,0.0,Normal,Standard
2024-03-24,Widget B,North,717.55,46.18,0.0,Normal,Premium
2024-03-25,Widget B,West,452.59,42.9,0.0,Normal,Standard
2024-03-26,Widget A,South,477.35,34.31,15.0,Normal,Standard
2024-03-27,Widget C,West,551.45,27.94,0.0,Normal,Standard
2024-03-28,Widget A,East,556.79,27.36,0.0,Normal,Standard
2024-03-29,Widget A,West,592.44,44.42,0.0,Normal,Standard
2024-03-30,Widget C,North,741.12,52.75,0.0,Normal,Standard
2024-03-31,Widget A,South,500.54,30.35,5.0,Normal,Standard
2024-04-01,Widget A,East,432.19,43.5,15.0,Normal,Standard
2024-04-02,Widget B,West,368.27,12.96,0.0,Normal,Standard
2024-04-03,Widget B,North,439.6,30.98,0.0,Normal,Standard
2024-04-04,Widget A,West,516.36,37.63,0.0,Normal,Standard
2024-04-05,Widget C,West,717.4,27.08,0.0,Normal,Standard
2024-04-06,Widget B,South,463.06,26.76,0.0,Normal,Standard
2024-04-07,Widget A,West,544.62,29.99,0.0,Normal,Standard
2024-04-08,Widget B,East,518.19,41.51,5.0,Normal,Standard
2024-04-09,Widget A,South,650.72,35.75,5.0,Normal,Standard
2024-04-10,Widget A,South,797.96,11.14,0.0,Normal,Standard
2024-04-11,Widget B,East,461.6,12.55,10.0,Normal,Standard
2024-04-12,Widget C,East,466.16,30.72,0.0,Normal,Standard
2024-04-13,Widget A,South,634.86,43.49,0.0,Normal,Standard
2024-04-14,Widget A,East,595.01,5.03,0.0,Normal,Standard
2024-04-15,Widget A,East,723.14,32.0,0.0,Normal,Standard
2024-04-16,Widget A,East,584.23,31.69,0.0,Normal,Standard
2024-04-17,Widget A,North,480.48,54.66,0.0,Normal,Standard
2024-04-18,Widget A,West,584.97,33.38,0.0,Normal,Standard
2024-04-19,Widget B,South,641.96,42.6,20.0,Normal,Standard
2024-04-20,Widget A,South,610.25,39.7,0.0,Normal,Standard
2024-04-21,Widget A,North,575.8,12.43,0.0,Normal,Standard
2024-04-22,Widget B,South,637.33,47.22,0.0,Normal,Standard
2024-04-23,Widget B,West,648.62,40.58,5.0,Normal,Standard
2024-04-24,Widget A,South,672.04,44.1,0.0,Normal,Standard
2024-04-25,Widget A,East,591.36,85.11,10.0,Normal,Premium
2024-04-26,Widget B,North,501.62,12.99,0.0,Normal,Standard
2024-04-27,Widget A,South,536.14,58.7,0.0,Normal,Standard
2024-04-28,Widget A,West,652.72,34.55,0.0,Normal,Standard
2024-04-29,Widget B,West,430.14,41.45,0.0,Normal,Standard
2024-04-30,Widget A,North,560.55,37.45,0.0,Normal,Standard
2024-05-01,Widget A,East,476.73,32.91,0.0,Normal,Standard
2024-05-02,Widget A,North,523.16,31.16,0.0,Normal,Standard
2024-05-03,Widget A,South,660.63,41.95,0.0,Normal,Standard
2024-05-04,Widget A,West,541.02,19.79,0.0,Normal,Standard
2024-05-05,Widget C,West,525.11,47.01,20.0,Normal,Standard
2024-05-06,Widget A,North,370.42,33.01,0.0,Normal,Standard
2024-05-07,Widget A,West,602.09,24.44,10.0,Normal,Standard
2024-05-08,Widget A,East,591.0,32.6,10.0,Normal,Standard
2024-05-09,Widget C,South,757.96,53.09,0.0,Normal,Standard
2024-05-10,Widget B,East,486.14,31.58,0.0,Normal,Standard
2024-05-11,Widget A,East,544.11,42.3,0.0,Normal,Standard
2024-05-12,Widget C,East,547.43,29.23,5.0,Normal,Standard
2024-05-13,Widget A,South,693.52,47.1,5.0,Normal,Standard
2024-05-14,Widget A,East,509.52,38.71,10.0,Normal,Premium
2024-05-15,Widget A,North,550.69,60.18,15.0,Normal,Standard
2024-05-16,Widget A,West,586.87,35.89,5.0,Normal,Standard
2024-05-17,Widget A,East,540.53,46.02,0.0,Normal,Standard
2024-05-18,Widget B,North,470.89,39.18,0.0,Normal,Standard
2024-05-19,Widget A,West,912.23,118.22,10.0,Anomaly,Standard
2024-05-20,Widget B,West,791.66,175.67,0.0,Anomaly,Standard
2024-05-21,Widget A,West,407.08,46.94,0.0,Normal,Standard
2024-05-22,Widget A,South,534.63,35.66,5.0,Normal,Standard
2024-05-23,Widget A,North,442.99,37.23,0.0,Normal,Standard
2024-05-24,Widget C,East,651.46,39.1,15.0,Normal,Standard
2024-05-25,Widget A,North,352.45,41.03,5.0,Normal,Standard
2024-05-26,Widget B,West,458.52,36.61,0.0,Normal,Standard
2024-05-27,Widget A,North,561.49,40.58,15.0,Normal,Standard
2024-05-28,Widget A,South,692.21,56.94,0.0,Normal,Standard
2024-05-29,Widget A,South,512.77,49.83,0.0,Normal,Standard
2024-05-30,Widget A,South,458.93,38.71,0.0,Normal,Standard
2024-05-31,Widget A,West,726.93,32.53,0.0,Normal,Standard
2024-06-01,Widget A,South,360.72,27.33,0.0,Normal,Standard
2024-06-02,Widget B,North,278.13,49.46,0.0,Normal,Standard
2024-06-03,Widget A,South,1161.55,121.8,0.0,Anomaly,Premium
2024-06-04,Widget B,East,464.77,55.67,0.0,Normal,Premium
2024-06-05,Widget A,North,407.66,30.75,10.0,Normal,Standard
2024-06-06,Widget B,East,597.92,35.25,10.0,Normal,Standard
2024-06-07,Widget B,East,546.82,18.33,0.0,Normal,Standard
2024-06-08,Widget A,East,457.95,33.29,0.0,Normal,Standard
2024-06-09,Widget A,West,379.17,49.96,0.0,Normal,Standard
2024-06-10,Widget B,West,615.97,32.4,0.0,Normal,Standard
2024-06-11,Widget C,West,591.52,45.69,10.0,Normal,Standard
2024-06-12,Widget A,North,509.09,35.71,5.0,Normal,Standard
2024-06-13,Widget A,North,723.13,41.89,0.0,Normal,Standard
2024-06-14,Widget C,South,402.29,24.23,0.0,Normal,Standard
2024-06-15,Widget A,West,352.19,38.71,0.0,Normal,Standard
2024-06-16,Widget B,West,443.89,2.11,5.0,Normal,Standard
2024-06-17,Widget A,West,514.99,35.76,0.0,Normal,Standard
2024-06-18,Widget A,North,546.77,18.43,20.0,Normal,Standard
2024-06-19,Widget B,West,493.46,52.47,10.0,Normal,Standard
2024-06-20,Widget B,South,558.73,47.33,0.0,Normal,Standard
2024-06-21,Widget A,North,382.33,43.6,0.0,Normal,Standard
2024-06-22,Widget A,South,678.81,56.25,15.0,Normal,Premium
2024-06-23,Widget B,North,510.96,26.61,0.0,Normal,Standard
2024-06-24,Widget B,East,642.9,58.97,0.0,Normal,Standard
2024-06-25,Widget A,South,557.7,49.19,0.0,Normal,Standard
2024-06-26,Widget B,South,570.24,35.16,10.0,Normal,Premium
2024-06-27,Widget B,East,582.67,51.63,5.0,Normal,Standard
2024-06-28,Widget B,West,569.25,24.72,5.0,Normal,Standard
2024-06-29,Widget B,East,590.7,28.11,15.0,Normal,Standard
2024-06-30,Widget A,South,666.21,30.7,15.0,Normal,Premium
2024-07-01,Widget B,West,541.62,31.65,15.0,Normal,Standard
2024-07-02,Widget B,West,597.99,25.32,0.0,Normal,Standard
2024-07-03,Widget A,North,510.13,52.68,0.0,Normal,Standard
2024-07-04,Widget A,East,678.41,34.89,5.0,Normal,Premium
2024-07-05,Widget A,South,445.6,42.23,10.0,Normal,Standard
2024-07-06,Widget B,North,718.1,31.16,5.0,Normal,Standard
2024-07-07,Widget A,East,515.58,16.15,0.0,Normal,Standard
2024-07-08,Widget B,West,362.61,41.24,10.0,Normal,Standard
2024-07-09,Widget C,North,534.09,15.05,5.0,Normal,Standard
2024-07-10,Widget B,West,445.08,38.71,0.0,Normal,Premium
2024-07-11,Widget C,West,612.47,21.58,0.0,Normal,Standard
2024-07-12,Widget C,West,448.21,61.85,0.0,Normal,Standard
2024-07-13,Widget A,South,470.92,48.94,0.0,Normal,Standard
2024-07-14,Widget B,West,312.15,39.27,0.0,Normal,Standard
2024-07-15,Widget A,South,470.25,53.16,0.0,Normal,Standard
2024-07-16,Widget C,East,253.37,38.71,0.0,Normal,Standard
2024-07-17,Widget A,North,345.77,44.52,0.0,Normal,Standard
2024-07-18,Widget C,North,603.65,40.4,5.0,Normal,Standard
2024-07-19,Widget B,East,606.44,41.17,10.0,Normal,Standard
2024-07-20,Widget B,South,566.8,53.27,0.0,Normal,Standard
2024-07-21,Widget A,South,413.63,46.79,0.0,Normal,Premium
2024-07-22,Widget A,North,514.75,41.46,15.0,Normal,Standard
2024-07-23,Widget B,East,519.6,18.14,0.0,Normal,Standard
2024-07-24,Widget A,North,392.58,26.48,20.0,Normal,Standard
2024-07-25,Widget B,West,685.37,36.53,10.0,Normal,Standard
2024-07-26,Widget A,North,616.51,39.12,0.0,Normal,Standard
2024-07-27,Widget B,North,495.69,24.44,20.0,Normal,Standard
2024-07-28,Widget A,South,522.96,66.94,0.0,Normal,Standard
2024-07-29,Widget B,South,542.92,56.2,0.0,Normal,Standard
2024-07-30,Widget B,South,295.41,45.23,5.0,Normal,Standard
2024-07-31,Widget A,South,492.81,38.86,0.0,Normal,Premium
2024-08-01,Widget A,West,444.98,35.45,15.0,Normal,Standard
2024-08-02,Widget A,East,409.82,26.58,0.0,Normal,Premium
2024-08-03,Widget B,North,489.08,38.93,0.0,Normal,Standard
2024-08-04,Widget B,South,717.75,41.09,0.0,Normal,Standard
2024-08-05,Widget B,West,590.49,23.1,5.0,Normal,Standard
2024-08-06,Widget B,South,457.17,42.01,0.0,Normal,Standard
2024-08-07,Widget A,North,582.98,36.14,0.0,Normal,Standard
2024-08-08,Widget A,West,673.93,15.11,10.0,Normal,Standard
2024-08-09,Widget A,East,621.71,27.68,0.0,Normal,Standard
2024-08-10,Widget A,East,526.56,33.04,10.0,Normal,Standard
2024-08-11,Widget C,North,448.84,60.65,0.0,Normal,Premium
2024-08-12,Widget C,North,596.8,44.68,10.0,Normal,Standard
2024-08-13,Widget A,East,563.28,21.97,0.0,Normal,Standard
2024-08-14,Widget B,North,950.1,38.87,0.0,Anomaly,Standard
2024-08-15,Widget B,East,589.87,19.43,0.0,Normal,Standard
2024-08-16,Widget A,East,635.45,50.99,15.0,Normal,Standard
2024-08-17,Widget A,South,461.12,32.35,0.0,Normal,Standard
2024-08-18,Widget A,West,664.91,36.88,20.0,Normal,Standard
2024-08-19,Widget B,West,541.74,53.91,0.0,Normal,Standard
2024-08-20,Widget C,East,748.28,22.55,0.0,Normal,Standard
2024-08-21,Widget B,North,444.19,38.71,0.0,Normal,Standard
2024-08-22,Widget A,North,710.96,31.0,20.0,Normal,Premium
2024-08-23,Widget A,South,541.77,50.46,0.0,Normal,Standard
2024-08-24,Widget B,North,448.34,19.77,15.0,Normal,Standard
2024-08-25,Widget B,West,466.77,4.01,0.0,Normal,Standard
2024-08-26,Widget B,North,484.76,32.59,0.0,Normal,Standard
2024-08-27,Widget B,South,566.66,44.62,0.0,Normal,Standard
2024-08-28,Widget A,South,577.51,52.4,5.0,Normal,Standard
2024-08-29,Widget B,East,972.19,77.29,0.0,Anomaly,Standard
2024-08-30,Widget B,North,517.32,33.06,10.0,Normal,Premium
2024-08-31,Widget A,South,755.65,51.85,0.0,Normal,Standard
2024-09-01,Widget B,South,710.03,15.56,0.0,Normal,Standard
2024-09-02,Widget A,West,568.0,33.34,10.0,Normal,Standard
2024-09-03,Widget A,North,524.18,40.29,0.0,Normal,Standard
2024-09-04,Widget A,West,1049.12,112.21,0.0,Anomaly,Standard
2024-09-05,Widget A,West,966.77,167.96,0.0,Anomaly,Standard
2024-09-06,Widget A,South,407.49,38.41,0.0,Normal,Premium
2024-09-07,Widget A,West,491.69,8.14,0.0,Normal,Standard
2024-09-08,Widget B,North,336.46,30.1,10.0,Normal,Standard
2024-09-09,Widget A,West,563.91,43.44,0.0,Normal,Standard
2024-09-10,Widget A,East,591.19,26.21,0.0,Normal,Standard
2024-09-11,Widget A,South,466.85,38.71,5.0,Normal,Standard
2024-09-12,Widget B,South,693.14,43.36,0.0,Normal,Standard
2024-09-13,Widget A,North,385.17,33.89,0.0,Normal,Standard
2024-09-14,Widget A,West,358.92,40.05,15.0,Normal,Standard
2024-09-15,Widget C,North,544.69,26.45,5.0,Normal,Standard
2024-09-16,Widget B,East,635.18,35.52,0.0,Normal,Standard
2024-09-17,Widget C,South,705.23,45.32,5.0,Normal,Standard
2024-09-18,Widget A,West,917.26,142.98,0.0,Anomaly,Premium
2024-09-19,Widget A,North,638.65,30.96,5.0,Normal,Standard
2024-09-20,Widget B,East,515.76,40.69,0.0,Normal,Premium
2024-09-21,Widget A,South,501.01,46.58,0.0,Normal,Standard
2024-09-22,Widget A,East,617.2,38.71,0.0,Normal,Standard
2024-09-23,Widget A,North,591.76,51.91,0.0,Normal,Standard
2024-09-24,Widget B,North,346.6,33.96,0.0,Normal,Standard
2024-09-25,Widget A,North,682.42,43.11,20.0,Normal,Standard
2024-09-26,Widget C,East,671.81,52.37,0.0,Normal,Standard
2024-09-27,Widget C,North,451.19,21.54,0.0,Normal,Standard
2024-09-28,Widget A,East,563.54,29.49,0.0,Normal,Standard
2024-09-29,Widget B,North,574.34,34.54,0.0,Normal,Standard
2024-09-30,Widget B,West,548.67,28.59,5.0,Normal,Premium
2024-10-01,Widget B,West,459.47,58.82,0.0,Normal,Standard
2024-10-02,Widget A,East,446.12,27.72,0.0,Normal,Premium
2024-10-03,Widget B,South,517.19,31.33,0.0,Normal,Standard
2024-10-04,Widget A,North,649.0,40.45,5.0,Normal,Standard
2024-10-05,Widget C,North,579.8,23.57,0.0,Normal,Standard
2024-10-06,Widget A,South,479.23,33.25,0.0,Normal,Standard
2024-10-07,Widget A,East,604.89,41.81,0.0,Normal,Standard
2024-10-08,Widget B,East,206.66,34.01,0.0,Normal,Standard
2024-10-09,Widget B,West,646.36,36.88,0.0,Normal,Standard
2024-10-10,Widget B,South,328.63,31.65,5.0,Normal,Standard
2024-10-11,Widget A,East,480.13,19.83,5.0,Normal,Standard
2024-10-12,Widget A,South,396.84,41.86,10.0,Normal,Standard
2024-10-13,Widget C,East,377.59,59.06,0.0,Normal,Standard
2024-10-14,Widget B,South,647.69,38.22,0.0,Normal,Standard
2024-10-15,Widget B,South,468.55,40.7,0.0,Normal,Standard
2024-10-16,Widget A,South,558.12,46.31,20.0,Normal,Standard
2024-10-17,Widget A,East,514.84,22.77,0.0,Normal,Standard
2024-10-18,Widget B,West,572.47,58.43,5.0,Normal,Standard
2024-10-19,Widget B,South,528.45,40.43,0.0,Normal,Standard
2024-10-20,Widget A,North,378.87,57.58,0.0,Normal,Standard
2024-10-21,Widget C,South,629.59,29.2,0.0,Normal,Standard
2024-10-22,Widget B,East,465.69,59.82,0.0,Normal,Standard
2024-10-23,Widget A,North,348.78,47.3,15.0,Normal,Standard
2024-10-24,Widget A,West,472.91,44.64,20.0,Normal,Standard
2024-10-25,Widget A,West,685.08,40.81,0.0,Normal,Standard
2024-10-26,Widget B,West,613.52,35.02,0.0,Normal,Standard
2024-10-27,Widget A,North,481.65,52.41,15.0,Normal,Standard
2024-10-28,Widget A,West,481.58,39.68,5.0,Normal,Standard
2024-10-29,Widget B,East,484.62,14.4,0.0,Normal,Standard
2024-10-30,Widget A,South,748.44,24.59,0.0,Normal,Standard
2024-10-31,Widget A,East,562.01,35.77,0.0,Normal,Standard
2024-11-01,Widget A,West,852.34,113.27,0.0,Anomaly,Standard
2024-11-02,Widget B,South,633.33,38.71,0.0,Normal,Standard
2024-11-03,Widget B,South,546.27,52.63,0.0,Normal,Standard
2024-11-04,Widget A,South,491.51,14.59,0.0,Normal,Standard
2024-11-05,Widget B,East,498.4,39.72,0.0,Normal,Standard
2024-11-06,Widget B,North,512.12,16.18,0.0,Normal,Standard
2024-11-07,Widget A,West,515.91,47.12,10.0,Normal,Standard
2024-11-08,Widget A,East,600.04,36.87,5.0,Normal,Standard
2024-11-09,Widget A,East,858.89,126.65,0.0,Anomaly,Standard
2024-11-10,Widget A,North,600.59,27.63,15.0,Normal,Standard
2024-11-11,Widget B,East,511.12,53.35,15.0,Normal,Standard
2024-11-12,Widget B,North,528.65,50.5,0.0,Normal,Standard
2024-11-13,Widget A,North,300.2,45.0,0.0,Normal,Standard
2024-11-14,Widget A,East,620.8,36.45,5.0,Normal,Standard
2024-11-15,Widget A,South,558.11,44.96,10.0,Normal,Standard
2024-11-16,Widget B,East,629.78,29.52,20.0,Normal,Standard
2024-11-17,Widget A,North,201.41,48.27,15.0,Normal,Standard
2024-11-18,Widget B,South,749.72,57.79,5.0,Normal,Standard
2024-11-19,Widget A,North,504.65,50.85,0.0,Normal,Standard
2024-11-20,Widget B,West,854.85,118.12,0.0,Anomaly,Standard
2024-11-21,Widget C,East,405.61,42.34,0.0,Normal,Standard
2024-11-22,Widget A,East,587.41,22.48,0.0,Normal,Standard
2024-11-23,Widget A,South,404.12,44.87,5.0,Normal,Standard
2024-11-24,Widget C,North,451.39,43.41,0.0,Normal,Standard
2024-11-25,Widget A,West,730.54,15.56,5.0,Normal,Standard
2024-11-26,Widget B,South,499.02,24.06,0.0,Normal,Premium
2024-11-27,Widget A,South,543.92,34.6,0.0,Normal,Standard
2024-11-28,Widget B,East,615.71,34.39,0.0,Normal,Standard
2024-11-29,Widget A,North,574.53,23.49,0.0,Normal,Premium
2024-11-30,Widget C,West,536.55,42.67,10.0,Normal,Standard
2024-12-01,Widget B,East,560.15,41.02,5.0,Normal,Standard
2024-12-02,Widget B,South,784.38,35.67,20.0,Normal,Standard
2024-12-03,Widget B,North,513.66,28.93,0.0,Normal,Standard
2024-12-04,Widget B,North,542.12,50.58,0.0,Normal,Standard
2024-12-05,Widget A,West,635.57,57.86,0.0,Normal,Standard
2024-12-06,Widget C,East,641.61,32.2,0.0,Normal,Standard
2024-12-07,Widget C,North,650.57,30.65,15.0,Normal,Standard
2024-12-08,Widget A,North,590.26,43.89,5.0,Normal,Standard
2024-12-09,Widget C,East,394.27,33.7,15.0,Normal,Standard
2024-12-10,Widget B,East,699.68,36.33,0.0,Normal,Standard
2024-12-11,Widget B,South,393.9,46.88,15.0,Normal,Standard
2024-12-12,Widget A,South,553.29,15.09,0.0,Normal,Premium
2024-12-13,Widget A,North,437.03,53.82,15.0,Normal,Standard
2024-12-14,Widget A,East,512.94,38.87,0.0,Normal,Standard
2024-12-15,Widget A,West,556.16,33.06,0.0,Normal,Standard
2024-12-16,Widget B,North,555.35,36.93,0.0,Normal,Premium
2024-12-17,Widget A,East,566.41,37.55,15.0,Normal,Premium
2024-12-18,Widget A,South,697.51,17.23,0.0,Normal,Standard
2024-12-19,Widget C,South,569.89,55.94,0.0,Normal,Standard
2024-12-20,Widget A,South,493.14,38.5,15.0,Normal,Standard
2024-12-21,Widget A,West,626.05,43.32,0.0,Normal,Premium
2024-12-22,Widget A,South,650.84,49.42,0.0,Normal,Standard
2024-12-23,Widget A,East,384.96,25.75,0.0,Normal,Standard
2024-12-24,Widget B,South,585.71,43.68,0.0,Normal,Standard
2024-12-25,Widget B,North,597.13,34.79,15.0,Normal,Standard
2024-12-26,Widget B,North,487.27,48.16,10.0,Normal,Standard
2024-12-27,Widget A,East,671.33,12.47,0.0,Normal,Standard
2024-12-28,Widget B,North,503.49,36.81,20.0,Normal,Premium
2024-12-29,Widget A,East,533.81,30.77,0.0,Normal,Standard
2024-12-30,Widget A,South,500.96,43.19,0.0,Normal,Standard
2024-12-31,Widget A,South,521.71,43.64,0.0,Normal,Standard
2025-01-01,Widget A,South,821.93,131.65,0.0,Anomaly,Standard
2025-01-02,Widget A,South,361.59,29.45,0.0,Normal,Standard
2025-01-03,Widget A,North,695.4,36.67,15.0,Normal,Standard
2025-01-04,Widget C,South,426.83,27.24,10.0,Normal,Standard
2025-01-05,Widget A,East,410.95,48.1,0.0,Normal,Standard
2025-01-06,Widget A,East,283.13,33.57,0.0,Normal,Standard
2025-01-07,Widget A,South,449.71,3.12,5.0,Normal,Premium
2025-01-08,Widget B,South,374.46,33.5,15.0,Normal,Standard
2025-01-09,Widget A,North,700.62,25.54,15.0,Normal,Standard
2025-01-10,Widget C,North,631.08,18.42,0.0,Normal,Standard
2025-01-11,Widget C,North,444.3,23.15,10.0,Normal,Standard
2025-01-12,Widget A,West,767.77,39.31,0.0,Normal,Premium
2025-01-13,Widget A,North,627.99,53.94,0.0,Normal,Standard
2025-01-14,Widget A,North,484.27,41.76,0.0,Normal,Standard
2025-01-15,Widget B,South,245.07,30.72,0.0,Normal,Standard
2025-01-16,Widget A,North,772.0,43.47,0.0,Normal,Standard
2025-01-17,Widget A,East,367.15,32.49,0.0,Normal,Standard
2025-01-18,Widget A,North,339.01,29.66,0.0,Normal,Standard
2025-01-19,Widget B,North,632.48,24.15,5.0,Normal,Standard
2025-01-20,Widget A,East,788.37,16.98,0.0,Normal,Standard
2025-01-21,Widget A,South,672.27,33.32,0.0,Normal,Standard
2025-01-22,Widget B,East,582.03,39.9,0.0,Normal,Standard
2025-01-23,Widget B,East,585.42,36.84,20.0,Normal,Standard
2025-01-24,Widget C,South,613.88,33.01,0.0,Normal,Premium
2025-01-25,Widget A,East,1028.99,73.72,0.0,Anomaly,Standard
2025-01-26,Widget B,North,550.93,45.3,0.0,Normal,Standard
2025-01-27,Widget B,East,531.46,22.19,10.0,Normal,Standard
2025-01-28,Widget A,South,513.11,47.31,20.0,Normal,Standard
2025-01-29,Widget B,South,437.06,25.97,0.0,Normal,Standard
2025-01-30,Widget A,East,489.13,28.97,0.0,Normal,Standard
2025-01-31,Widget C,West,333.77,20.4,15.0,Normal,Standard
2025-02-01,Widget A,West,509.18,31.98,0.0,Normal,Standard
2025-02-02,Widget B,East,411.25,49.7,5.0,Normal,Standard
2025-02-03,Widget A,South,398.61,44.19,0.0,Normal,Standard
2025-02-04,Widget C,North,539.79,38.71,0.0,Normal,Standard
2025-02-05,Widget A,South,673.12,44.27,0.0,Normal,Standard
2025-02-06,Widget C,South,621.01,24.76,0.0,Normal,Standard
2025-02-07,Widget C,South,347.24,34.03,5.0,Normal,Standard
2025-02-08,Widget A,West,411.14,28.64,15.0,Normal,Premium
2025-02-09,Widget B,South,623.48,53.97,0.0,Normal,Standard
2025-02-10,Widget C,South,411.93,23.64,10.0,Normal,Standard
2025-02-11,Widget A,South,495.29,48.72,0.0,Normal,Standard
2025-02-12,Widget A,West,580.51,48.72,0.0,Normal,Standard
2025-02-13,Widget B,East,413.48,59.96,0.0,Normal,Standard
2025-02-14,Widget A,East,531.59,33.08,15.0,Normal,Standard
2025-02-15,Widget A,South,986.97,127.91,10.0,Anomaly,Standard
2025-02-16,Widget A,West,1111.94,158.52,5.0,Anomaly,Standard
2025-02-17,Widget A,North,555.18,30.59,10.0,Normal,Standard
2025-02-18,Widget A,West,344.77,19.58,5.0,Normal,Standard
2025-02-19,Widget A,East,568.45,15.44,20.0,Normal,Standard
2025-02-20,Widget C,South,517.84,46.55,5.0,Normal,Standard
2025-02-21,Widget B,South,580.77,15.4,15.0,Normal,Standard
2025-02-22,Widget A,East,544.63,33.53,0.0,Normal,Standard
2025-02-23,Widget B,North,670.06,43.25,0.0,Normal,Standard
2025-02-24,Widget B,West,533.77,40.22,0.0,Normal,Standard
2025-02-25,Widget C,South,472.77,43.11,0.0,Normal,Standard
2025-02-26,Widget A,South,533.45,40.67,0.0,Normal,Standard
2025-02-27,Widget A,North,579.76,53.35,0.0,Normal,Standard
2025-02-28,Widget C,South,525.37,26.57,5.0,Normal,Standard
2025-03-01,Widget C,South,524.47,29.88,0.0,Normal,Standard
2025-03-02,Widget B,South,442.78,28.73,0.0,Normal,Standard
2025-03-03,Widget B,East,447.08,47.96,0.0,Normal,Standard
2025-03-04,Widget A,South,365.71,38.71,20.0,Normal,Standard
2025-03-05,Widget B,West,712.45,43.41,0.0,Normal,Standard
2025-03-06,Widget A,East,383.18,52.2,0.0,Normal,Standard
2025-03-07,Widget A,West,443.78,23.86,5.0,Normal,Standard
2025-03-08,Widget B,North,440.98,58.01,5.0,Normal,Standard
2025-03-09,Widget A,South,618.44,38.71,0.0,Normal,Standard
2025-03-10,Widget A,South,487.56,46.83,0.0,Normal,Standard
2025-03-11,Widget C,East,657.25,59.38,0.0,Normal,Standard
2025-03-12,Widget A,West,445.92,18.12,20.0,Normal,Standard
2025-03-13,Widget C,North,550.69,31.71,0.0,Normal,Premium
2025-03-14,Widget C,North,428.11,29.18,0.0,Normal,Standard
2025-03-15,Widget B,West,755.97,46.66,0.0,Normal,Standard
2025-03-16,Widget A,North,389.36,25.4,0.0,Normal,Standard
2025-03-17,Widget A,East,898.2,38.71,10.0,Anomaly,Standard
2025-03-18,Widget A,East,589.72,38.71,0.0,Normal,Standard
2025-03-19,Widget A,West,565.52,38.71,0.0,Normal,Standard
2025-03-20,Widget A,North,499.62,41.41,0.0,Normal,Standard
2025-03-21,Widget C,North,505.72,26.15,0.0,Normal,Standard
2025-03-22,Widget A,East,1063.57,176.06,0.0,Anomaly,Standard
2025-03-23,Widget B,West,503.83,53.0,10.0,Normal,Premium
2025-03-24,Widget A,South,626.03,47.35,10.0,Normal,Standard
2025-03-25,Widget B,South,763.16,37.53,15.0,Normal,Premium
2025-03-26,Widget C,East,458.68,32.99,15.0,Normal,Standard
2025-03-27,Widget A,West,369.32,13.69,5.0,Normal,Standard
2025-03-28,Widget A,West,510.29,25.15,0.0,Normal,Standard
2025-03-29,Widget B,West,803.77,60.94,10.0,Normal,Premium
2025-03-30,Widget B,North,431.6,22.63,10.0,Normal,Standard
2025-03-31,Widget B,North,700.3,40.27,10.0,Normal,Standard
2025-04-01,Widget A,East,704.55,50.09,0.0,Normal,Standard
2025-04-02,Widget A,West,459.11,22.94,0.0,Normal,Standard
2025-04-03,Widget C,South,582.59,40.22,10.0,Normal,Standard
2025-04-04,Widget C,North,699.12,49.25,5.0,Normal,Premium
2025-04-05,Widget A,West,478.3,38.15,20.0,Normal,Standard
2025-04-06,Widget B,North,497.61,72.42,0.0,Normal,Standard
2025-04-07,Widget A,South,456.02,17.98,0.0,Normal,Standard
2025-04-08,Widget A,East,408.38,50.7,0.0,Normal,Standard
2025-04-09,Widget A,East,1079.38,120.76,10.0,Anomaly,Standard
2025-04-10,Widget A,East,385.37,47.26,0.0,Normal,Standard
2025-04-11,Widget B,South,523.75,43.3,0.0,Normal,Standard
2025-04-12,Widget A,East,435.3,29.2,20.0,Normal,Standard
2025-04-13,Widget A,East,545.72,40.75,0.0,Normal,Standard
2025-04-14,Widget B,East,1023.73,118.27,10.0,Anomaly,Standard
2025-04-15,Widget B,East,556.4,45.24,0.0,Normal,Standard
2025-04-16,Widget B,South,1070.89,38.71,10.0,Anomaly,Standard
2025-04-17,Widget C,North,300.69,45.66,0.0,Normal,Standard
2025-04-18,Widget A,North,561.15,50.7,15.0,Normal,Standard
2025-04-19,Widget B,North,655.04,42.41,15.0,Normal,Standard
2025-04-20,Widget B,East,979.09,151.06,0.0,Anomaly,Standard
2025-04-21,Widget B,West,703.98,27.43,0.0,Normal,Standard
2025-04-22,Widget A,East,566.09,29.45,0.0,Normal,Standard
2025-04-23,Widget A,West,741.66,117.25,5.0,Anomaly,Standard
2025-04-24,Widget C,South,513.87,55.24,15.0,Normal,Standard
2025-04-25,Widget A,South,581.42,35.14,0.0,Normal,Standard
2025-04-26,Widget C,South,528.36,38.55,5.0,Normal,Standard
2025-04-27,Widget B,North,579.26,27.14,0.0,Normal,Standard
2025-04-28,Widget B,North,418.73,52.07,10.0,Normal,Standard
2025-04-29,Widget B,East,538.63,45.99,20.0,Normal,Premium
2025-04-30,Widget B,West,364.49,61.29,0.0,Normal,Standard
2025-05-01,Widget A,North,507.77,27.46,0.0,Normal,Standard
2025-05-02,Widget B,North,420.57,33.46,0.0,Normal,Standard
2025-05-03,Widget B,West,909.67,86.36,0.0,Anomaly,Standard
2025-05-04,Widget A,South,655.97,45.76,0.0,Normal,Standard
2025-05-05,Widget A,West,640.04,35.41,0.0,Normal,Standard
2025-05-06,Widget A,East,587.01,27.52,0.0,Normal,Standard
2025-05-07,Widget C,West,399.85,48.58,0.0,Normal,Standard
2025-05-08,Widget A,South,485.2,46.65,0.0,Normal,Standard
2025-05-09,Widget B,East,653.44,27.0,0.0,Normal,Standard
2025-05-10,Widget A,South,535.59,54.27,0.0,Normal,Standard
2025-05-11,Widget A,East,775.13,52.04,10.0,Normal,Standard
2025-05-12,Widget B,South,563.26,39.61,5.0,Normal,Standard
2025-05-13,Widget A,North,1003.31,117.96,0.0,Anomaly,Standard
2025-05-14,Widget B,East,987.01,130.92,0.0,Anomaly,Standard
2025-05-15,Widget B,East,534.69,27.66,10.0,Normal,Standard
2025-05-16,Widget B,West,503.23,38.36,20.0,Normal,Standard
2025-05-17,Widget A,East,597.89,12.17,0.0,Normal,Standard
2025-05-18,Widget C,East,625.24,48.52,0.0,Normal,Standard
2025-05-19,Widget B,North,433.54,19.26,0.0,Normal,Standard
2025-05-20,Widget C,East,373.56,56.04,0.0,Normal,Standard
2025-05-21,Widget A,East,318.02,34.04,0.0,Normal,Standard
2025-05-22,Widget B,West,575.88,35.46,0.0,Normal,Standard
2025-05-23,Widget C,West,398.63,30.47,0.0,Normal,Standard
2025-05-24,Widget C,North,283.18,34.54,0.0,Normal,Standard
2025-05-25,Widget A,West,562.74,55.02,0.0,Normal,Standard
2025-05-26,Widget A,North,794.23,8.15,0.0,Normal,Standard
2025-05-27,Widget A,South,519.33,53.32,0.0,Normal,Premium
2025-05-28,Widget A,East,612.23,42.06,0.0,Normal,Standard
2025-05-29,Widget A,North,529.0,23.52,0.0,Normal,Standard
2025-05-30,Widget A,East,509.12,25.1,15.0,Normal,Standard
2025-05-31,Widget C,North,621.1,58.12,0.0,Normal,Standard
2025-06-01,Widget A,North,488.07,26.65,5.0,Normal,Standard
2025-06-02,Widget B,East,1002.04,90.46,15.0,Anomaly,Standard
2025-06-03,Widget A,East,555.39,51.65,0.0,Normal,Standard
2025-06-04,Widget A,West,446.51,42.06,0.0,Normal,Standard
2025-06-05,Widget A,East,629.12,26.74,0.0,Normal,Standard
2025-06-06,Widget A,East,919.28,90.78,15.0,Anomaly,Standard
2025-06-07,Widget B,South,436.87,25.69,15.0,Normal,Standard
2025-06-08,Widget C,North,579.02,51.21,5.0,Normal,Standard
2025-06-09,Widget A,North,421.17,50.74,0.0,Normal,Standard
2025-06-10,Widget A,East,523.1,44.38,5.0,Normal,Standard
2025-06-11,Widget A,East,519.0,42.34,0.0,Normal,Standard
2025-06-12,Widget C,South,639.45,59.13,0.0,Normal,Standard
2025-06-13,Widget B,East,572.22,38.0,0.0,Normal,Standard
2025-06-14,Widget B,East,517.25,23.82,0.0,Normal,Premium
2025-06-15,Widget B,North,1093.62,67.63,10.0,Anomaly,Standard
2025-06-16,Widget B,North,968.41,134.84,0.0,Anomaly,Standard
2025-06-17,Widget A,West,581.36,25.82,0.0,Normal,Standard
2025-06-18,Widget A,East,521.14,33.66,0.0,Normal,Standard
2025-06-19,Widget C,West,375.7,43.0,15.0,Normal,Standard
2025-06-20,Widget B,North,402.84,37.35,5.0,Normal,Standard
2025-06-21,Widget B,West,486.43,26.21,0.0,Normal,Standard
2025-06-22,Widget B,North,452.95,51.46,0.0,Normal,Standard
2025-06-23,Widget A,North,499.43,65.84,0.0,Normal,Standard
2025-06-24,Widget B,West,985.16,119.4,15.0,Anomaly,Standard
2025-06-25,Widget B,South,578.27,27.15,0.0,Normal,Standard
2025-06-26,Widget A,East,512.25,19.41,0.0,Normal,Standard
2025-06-27,Widget B,North,573.52,41.1,0.0,Normal,Standard
2025-06-28,Widget C,East,527.09,51.25,0.0,Normal,Standard
2025-06-29,Widget A,West,302.7,43.7,10.0,Normal,Standard
2025-06-30,Widget A,South,416.67,37.97,0.0,Normal,Standard
2025-07-01,Widget A,East,504.15,30.93,0.0,Normal,Standard
2025-07-02,Widget B,North,386.93,24.89,0.0,Normal,Standard
2025-07-03,Widget A,East,585.99,48.02,0.0,Normal,Standard
2025-07-04,Widget B,South,688.38,48.97,15.0,Normal,Standard
2025-07-05,Widget C,North,654.06,19.45,0.0,Normal,Standard
2025-07-06,Widget A,South,496.52,57.08,15.0,Normal,Standard
2025-07-07,Widget C,North,683.98,44.89,10.0,Normal,Standard
2025-07-08,Widget C,West,536.35,54.8,0.0,Normal,Standard
2025-07-09,Widget A,South,482.92,21.89,0.0,Normal,Standard
2025-07-10,Widget A,North,452.53,21.61,0.0,Normal,Standard
2025-07-11,Widget C,South,486.73,36.21,5.0,Normal,Standard
2025-07-12,Widget C,South,477.3,44.03,0.0,Normal,Standard
2025-07-13,Widget A,East,538.75,59.56,0.0,Normal,Standard
2025-07-14,Widget A,West,537.66,46.47,0.0,Normal,Standard
2025-07-15,Widget A,South,520.34,35.09,5.0,Normal,Standard
2025-07-16,Widget C,West,568.06,25.68,0.0,Normal,Standard
2025-07-17,Widget A,East,650.97,52.76,0.0,Normal,Standard
2025-07-18,Widget B,North,624.45,26.42,0.0,Normal,Premium
2025-07-19,Widget B,East,356.66,57.54,0.0,Normal,Standard
2025-07-20,Widget A,East,239.07,34.59,10.0,Normal,Standard
2025-07-21,Widget B,East,622.78,57.09,0.0,Normal,Standard
2025-07-22,Widget A,West,369.64,46.15,10.0,Normal,Standard
2025-07-23,Widget C,South,495.28,36.36,5.0,Normal,Standard
2025-07-24,Widget A,West,391.29,31.77,0.0,Normal,Standard
2025-07-25,Widget B,West,321.78,33.91,5.0,Normal,Standard
2025-07-26,Widget B,South,579.56,43.14,0.0,Normal,Standard
2025-07-27,Widget A,East,603.51,38.93,0.0,Normal,Standard
2025-07-28,Widget A,South,456.58,30.87,5.0,Normal,Standard
2025-07-29,Widget A,West,234.99,36.01,0.0,Normal,Standard
2025-07-30,Widget A,East,459.91,38.94,5.0,Normal,Standard
2025-07-31,Widget B,North,563.1,12.46,0.0,Normal,Standard
2025-08-01,Widget B,South,357.32,43.5,15.0,Normal,Standard
2025-08-02,Widget A,East,540.17,26.24,0.0,Normal,Standard
2025-08-03,Widget B,North,518.32,24.16,0.0,Normal,Standard
2025-08-04,Widget B,North,841.79,95.26,0.0,Anomaly,Standard
2025-08-05,Widget B,South,533.15,16.47,10.0,Normal,Standard
2025-08-06,Widget A,South,412.96,21.73,10.0,Normal,Standard
2025-08-07,Widget A,South,651.62,29.49,0.0,Normal,Standard
2025-08-08,Widget A,South,502.56,61.44,15.0,Normal,Premium
2025-08-09,Widget B,North,517.0,31.69,0.0,Normal,Standard
2025-08-10,Widget A,East,417.34,40.13,0.0,Normal,Standard
2025-08-11,Widget A,East,471.24,42.81,15.0,Normal,Standard
2025-08-12,Widget A,North,422.67,39.57,15.0,Normal,Standard
2025-08-13,Widget B,South,500.98,37.07,0.0,Normal,Standard
2025-08-14,Widget A,East,708.29,23.66,15.0,Normal,Standard
2025-08-15,Widget A,North,369.09,55.41,0.0,Normal,Standard
2025-08-16,Widget A,North,342.51,59.69,15.0,Normal,Standard
2025-08-17,Widget A,North,681.83,17.81,0.0,Normal,Standard
2025-08-18,Widget B,West,496.97,25.71,0.0,Normal,Standard
2025-08-19,Widget A,West,446.4,34.64,0.0,Normal,Standard
2025-08-20,Widget A,West,634.39,26.43,0.0,Normal,Standard
2025-08-21,Widget B,East,453.38,44.07,0.0,Normal,Standard
2025-08-22,Widget A,East,720.86,29.26,0.0,Normal,Standard
2025-08-23,Widget A,South,594.57,63.98,0.0,Normal,Standard
2025-08-24,Widget C,East,466.33,52.29,0.0,Normal,Standard
2025-08-25,Widget A,North,757.3,40.55,0.0,Normal,Standard
2025-08-26,Widget A,East,453.37,50.32,0.0,Normal,Standard
2025-08-27,Widget A,West,601.63,51.27,0.0,Normal,Standard
2025-08-28,Widget A,East,552.92,31.23,5.0,Normal,Standard
2025-08-29,Widget B,South,663.19,28.21,15.0,Normal,Standard
2025-08-30,Widget B,South,691.77,38.94,10.0,Normal,Standard
2025-08-31,Widget B,East,523.52,38.71,0.0,Normal,Standard
2025-09-01,Widget A,East,437.12,39.67,5.0,Normal,Standard
2025-09-02,Widget A,West,570.6,19.08,0.0,Normal,Standard
2025-09-03,Widget B,South,445.45,28.37,0.0,Normal,Standard
2025-09-04,Widget C,West,741.47,37.11,0.0,Normal,Standard
2025-09-05,Widget A,East,535.02,37.09,10.0,Normal,Standard
2025-09-06,Widget A,West,479.81,61.67,0.0,Normal,Standard
2025-09-07,Widget A,East,540.31,21.37,0.0,Normal,Standard
2025-09-08,Widget A,East,371.82,38.71,0.0,Normal,Standard
2025-09-09,Widget A,East,413.12,55.87,15.0,Normal,Standard
2025-09-10,Widget A,East,652.05,65.26,5.0,Normal,Standard
2025-09-11,Widget B,West,447.74,33.15,0.0,Normal,Standard
2025-09-12,Widget B,North,404.84,43.9,0.0,Normal,Standard
2025-09-13,Widget A,North,579.03,44.84,0.0,Normal,Standard
2025-09-14,Widget A,West,650.43,40.35,5.0,Normal,Standard
2025-09-15,Widget B,East,599.08,36.81,0.0,Normal,Standard
2025-09-16,Widget A,East,629.57,43.23,15.0,Normal,Standard
2025-09-17,Widget B,South,436.75,7.61,0.0,Normal,Standard
2025-09-18,Widget A,North,363.6,46.18,5.0,Normal,Standard
2025-09-19,Widget B,West,685.15,39.51,0.0,Normal,Premium
2025-09-20,Widget A,East,484.51,35.33,0.0,Normal,Standard
2025-09-21,Widget A,South,492.41,62.56,0.0,Normal,Standard
2025-09-22,Widget A,South,666.1,29.9,0.0,Normal,Standard
2025-09-23,Widget A,West,581.19,33.16,0.0,Normal,Standard
2025-09-24,Widget A,North,570.15,61.9,10.0,Normal,Standard
2025-09-25,Widget B,West,758.15,28.02,0.0,Normal,Standard
2025-09-26,Widget A,South,449.21,31.4,5.0,Normal,Standard
2025-09-27,Widget A,East,622.06,36.24,10.0,Normal,Standard
2025-09-28,Widget B,West,526.27,48.09,0.0,Normal,Standard
2025-09-29,Widget B,East,549.55,40.49,5.0,Normal,Standard
2025-09-30,Widget C,South,688.13,22.49,5.0,Normal,Standard
2025-10-01,Widget B,East,575.86,31.61,0.0,Normal,Standard
2025-10-02,Widget A,South,579.21,30.71,10.0,Normal,Premium
2025-10-03,Widget B,South,637.98,37.07,0.0,Normal,Standard
2025-10-04,Widget C,West,479.86,43.11,0.0,Normal,Standard
2025-10-05,Widget B,West,427.69,43.02,5.0,Normal,Standard
2025-10-06,Widget A,East,405.07,16.69,0.0,Normal,Standard
2025-10-07,Widget A,South,303.7,50.77,0.0,Normal,Standard
2025-10-08,Widget A,North,746.18,41.03,0.0,Normal,Standard
2025-10-09,Widget B,North,398.65,54.61,10.0,Normal,Standard
2025-10-10,Widget B,East,495.66,43.33,15.0,Normal,Standard
2025-10-11,Widget B,West,489.55,51.22,0.0,Normal,Standard
2025-10-12,Widget A,East,553.81,43.6,5.0,Normal,Standard
2025-10-13,Widget B,West,609.73,54.15,15.0,Normal,Standard
2025-10-14,Widget B,North,614.65,44.27,0.0,Normal,Standard
2025-10-15,Widget A,South,455.86,36.83,0.0,Normal,Standard
2025-10-16,Widget B,North,501.62,65.27,5.0,Normal,Standard
2025-10-17,Widget A,South,551.08,48.67,10.0,Normal,Standard
2025-10-18,Widget C,North,492.64,44.88,15.0,Normal,Standard
2025-10-19,Widget B,West,696.81,38.71,0.0,Normal,Standard
2025-10-20,Widget B,North,574.01,22.54,0.0,Normal,Standard
2025-10-21,Widget B,West,600.84,41.51,0.0,Normal,Standard
2025-10-22,Widget C,South,592.92,38.71,0.0,Normal,Standard
2025-10-23,Widget A,West,1060.52,126.69,0.0,Anomaly,Standard
2025-10-24,Widget A,East,539.91,39.69,10.0,Normal,Standard
2025-10-25,Widget B,West,377.35,57.06,0.0,Normal,Standard
2025-10-26,Widget A,North,563.97,46.34,10.0,Normal,Standard
2025-10-27,Widget A,East,448.35,24.31,0.0,Normal,Standard
2025-10-28,Widget C,West,461.85,36.66,0.0,Normal,Standard
2025-10-29,Widget B,North,584.5,28.34,0.0,Normal,Premium
2025-10-30,Widget A,North,656.21,33.35,0.0,Normal,Standard
2025-10-31,Widget A,South,522.34,33.04,0.0,Normal,Standard
2025-11-01,Widget A,West,553.97,32.27,20.0,Normal,Standard
2025-11-02,Widget A,East,707.24,22.94,10.0,Normal,Standard
2025-11-03,Widget A,East,546.48,36.47,0.0,Normal,Standard
2025-11-04,Widget B,North,806.19,31.27,0.0,Normal,Standard
2025-11-05,Widget A,North,582.21,2.85,15.0,Normal,Standard
2025-11-06,Widget A,West,1068.98,128.66,0.0,Anomaly,Standard
2025-11-07,Widget A,North,602.87,51.07,0.0,Normal,Standard
2025-11-08,Widget C,East,561.93,33.48,0.0,Normal,Standard
2025-11-09,Widget A,West,989.97,73.45,15.0,Anomaly,Standard
2025-11-10,Widget A,North,594.05,23.94,0.0,Normal,Standard
2025-11-11,Widget A,East,504.77,58.35,0.0,Normal,Premium
2025-11-12,Widget B,North,385.33,60.77,15.0,Normal,Standard
2025-11-13,Widget B,East,497.01,39.88,0.0,Normal,Standard
2025-11-14,Widget A,North,426.44,50.28,0.0,Normal,Standard
2025-11-15,Widget A,East,456.14,40.1,0.0,Normal,Standard
2025-11-16,Widget A,South,584.74,21.96,15.0,Normal,Standard
2025-11-17,Widget B,South,703.69,33.06,0.0,Normal,Standard
2025-11-18,Widget B,East,563.41,39.58,20.0,Normal,Standard
2025-11-19,Widget A,North,388.45,32.55,0.0,Normal,Standard
2025-11-20,Widget A,East,568.91,35.38,0.0,Normal,Standard
2025-11-21,Widget A,South,651.63,36.9,20.0,Normal,Standard
2025-11-22,Widget A,East,452.92,38.71,0.0,Normal,Standard
2025-11-23,Widget B,North,505.26,38.63,0.0,Normal,Standard
2025-11-24,Widget A,East,521.62,25.27,0.0,Normal,Standard
2025-11-25,Widget A,North,433.66,29.4,0.0,Normal,Standard
2025-11-26,Widget A,South,591.31,22.58,0.0,Normal,Standard
2025-11-27,Widget C,North,506.7,49.73,0.0,Normal,Standard
2025-11-28,Widget C,East,566.15,12.73,0.0,Normal,Standard
2025-11-29,Widget A,South,422.38,51.84,10.0,Normal,Standard
2025-11-30,Widget A,West,471.88,54.64,0.0,Normal,Standard
2025-12-01,Widget A,West,599.46,34.37,20.0,Normal,Standard
2025-12-02,Widget A,North,478.99,6.76,0.0,Normal,Standard
2025-12-03,Widget A,East,709.97,33.66,0.0,Normal,Standard
2025-12-04,Widget B,North,476.04,37.23,0.0,Normal,Standard
2025-12-05,Widget B,South,544.72,25.87,0.0,Normal,Standard
2025-12-06,Widget C,East,1018.77,72.16,0.0,Anomaly,Standard
2025-12-07,Widget A,East,363.98,56.36,10.0,Normal,Standard
2025-12-08,Widget B,East,326.31,45.98,15.0,Normal,Standard
2025-12-09,Widget B,South,352.18,26.91,20.0,Normal,Standard
2025-12-10,Widget A,South,658.88,18.83,0.0,Normal,Premium
2025-12-11,Widget A,North,459.3,34.08,0.0,Normal,Standard
2025-12-12,Widget A,East,801.4,35.44,0.0,Normal,Standard
2025-12-13,Widget A,East,457.93,43.95,0.0,Normal,Standard
2025-12-14,Widget A,East,540.3,31.58,15.0,Normal,Standard
2025-12-15,Widget B,North,689.63,44.14,5.0,Normal,Standard
2025-12-16,Widget A,South,740.67,61.22,0.0,Normal,Standard
2025-12-17,Widget C,South,746.77,47.79,0.0,Normal,Standard
2025-12-18,Widget A,North,927.62,38.71,0.0,Anomaly,Standard
2025-12-19,Widget C,South,632.65,35.8,5.0,Normal,Standard
2025-12-20,Widget A,West,585.18,33.72,0.0,Normal,Premium
2025-12-21,Widget B,West,605.62,52.17,20.0,Normal,Standard
2025-12-22,Widget A,East,459.37,30.47,0.0,Normal,Standard
2025-12-23,Widget A,South,430.0,38.54,0.0,Normal,Standard
2025-12-24,Widget C,North,519.63,38.61,0.0,Normal,Standard
2025-12-25,Widget A,West,501.28,31.98,0.0,Normal,Standard
2025-12-26,Widget B,North,470.14,21.53,0.0,Normal,Standard
2025-12-27,Widget B,West,596.6,41.88,5.0,Normal,Standard
2025-12-28,Widget A,South,625.08,37.27,15.0,Normal,Standard
2025-12-29,Widget A,South,529.72,44.0,15.0,Normal,Standard
2025-12-30,Widget B,West,682.53,38.71,10.0,Normal,Premium
2025-12-31,Widget A,North,394.41,52.65,15.0,Normal,Standard
2026-01-01,Widget B,East,498.7,27.48,0.0,Normal,Standard
2026-01-02,Widget C,East,441.15,58.54,10.0,Normal,Standard
2026-01-03,Widget A,North,314.68,17.03,0.0,Normal,Standard
2026-01-04,Widget A,South,510.91,43.22,0.0,Normal,Standard
2026-01-05,Widget B,East,506.61,43.71,0.0,Normal,Premium
2026-01-06,Widget A,East,686.48,28.45,0.0,Normal,Standard
2026-01-07,Widget A,North,589.39,43.09,0.0,Normal,Premium
2026-01-08,Widget A,West,407.34,53.35,20.0,Normal,Standard
2026-01-09,Widget B,North,723.95,11.4,0.0,Normal,Standard
2026-01-10,Widget A,North,654.31,44.03,0.0,Normal,Standard
2026-01-11,Widget A,South,584.03,8.08,0.0,Normal,Standard
2026-01-12,Widget B,North,495.09,26.41,0.0,Normal,Standard
2026-01-13,Widget A,North,414.46,57.55,0.0,Normal,Standard
2026-01-14,Widget A,West,479.06,31.02,0.0,Normal,Standard
2026-01-15,Widget C,South,639.76,23.91,0.0,Normal,Standard
2026-01-16,Widget B,North,727.3,35.62,0.0,Normal,Standard
2026-01-17,Widget B,North,689.76,62.81,10.0,Normal,Standard
2026-01-18,Widget A,East,466.23,16.02,5.0,Normal,Standard
2026-01-19,Widget B,West,396.84,25.38,0.0,Normal,Standard
2026-01-20,Widget A,South,535.5,55.97,0.0,Normal,Standard
2026-01-21,Widget A,North,325.47,60.29,0.0,Normal,Standard
2026-01-22,Widget A,North,555.55,36.76,10.0,Normal,Standard
2026-01-23,Widget A,North,503.76,23.13,0.0,Normal,Standard
2026-01-24,Widget B,North,468.74,63.15,0.0,Normal,Standard
2026-01-25,Widget A,South,344.58,57.13,10.0,Normal,Standard
2026-01-26,Widget B,North,576.5,46.15,0.0,Normal,Standard
2026-01-27,Widget B,East,461.4,28.25,0.0,Normal,Standard
2026-01-28,Widget B,South,391.31,37.41,0.0,Normal,Standard
2026-01-29,Widget A,West,204.05,36.08,15.0,Normal,Premium
2026-01-30,Widget B,West,516.97,41.97,15.0,Normal,Standard
2026-01-31,Widget A,East,714.95,55.41,5.0,Normal,Standard
2026-02-01,Widget A,South,702.74,48.55,0.0,Normal,Standard
2026-02-02,Widget C,South,469.72,25.07,0.0,Normal,Standard
2026-02-03,Widget A,South,453.76,54.52,20.0,Normal,Standard
2026-02-04,Widget A,East,571.57,41.76,20.0,Normal,Standard
2026-02-05,Widget C,South,410.18,46.24,0.0,Normal,Premium
2026-02-06,Widget A,West,553.2,55.6,10.0,Normal,Standard
2026-02-07,Widget B,West,604.27,38.71,0.0,Normal,Standard
2026-02-08,Widget A,South,654.96,37.57,0.0,Normal,Standard
2026-02-09,Widget A,East,508.98,31.62,5.0,Normal,Standard
2026-02-10,Widget A,North,497.6,19.19,0.0,Normal,Standard
2026-02-11,Widget A,North,423.42,42.16,15.0,Normal,Standard
2026-02-12,Widget A,South,429.04,68.14,0.0,Normal,Standard
2026-02-13,Widget B,North,495.09,15.92,0.0,Normal,Standard
2026-02-14,Widget B,West,560.41,37.61,15.0,Normal,Standard
2026-02-15,Widget C,North,620.49,45.69,15.0,Normal,Standard
2026-02-16,Widget A,South,431.65,39.48,0.0,Normal,Standard
2026-02-17,Widget B,East,684.2,36.64,0.0,Normal,Standard
2026-02-18,Widget B,East,490.18,22.41,5.0,Normal,Standard
2026-02-19,Widget C,South,517.65,40.79,0.0,Normal,Standard
2026-02-20,Widget A,West,437.81,28.92,20.0,Normal,Standard
2026-02-21,Widget B,East,253.33,11.72,0.0,Normal,Standard
2026-02-22,Widget C,South,617.24,52.34,0.0,Normal,Standard
2026-02-23,Widget A,North,601.05,49.5,0.0,Normal,Standard
2026-02-24,Widget C,South,489.05,38.62,0.0,Normal,Standard
2026-02-25,Widget A,West,527.37,40.75,15.0,Normal,Standard
2026-02-26,Widget B,East,576.75,50.89,0.0,Normal,Standard
2026-02-27,Widget C,West,348.12,40.69,0.0,Normal,Premium
2026-02-28,Widget B,South,461.8,48.85,0.0,Normal,Standard
2026-03-01,Widget A,North,607.37,34.43,0.0,Normal,Standard
2026-03-02,Widget A,North,382.03,53.74,0.0,Normal,Standard
2026-03-03,Widget C,South,552.29,41.85,0.0,Normal,Standard
2026-03-04,Widget A,East,370.78,40.33,15.0,Normal,Standard
2026-03-05,Widget A,West,571.31,22.76,15.0,Normal,Standard
2026-03-06,Widget B,South,516.08,41.44,10.0,Normal,Standard
2026-03-07,Widget A,South,342.34,28.02,0.0,Normal,Standard
2026-03-08,Widget A,South,648.12,30.34,0.0,Normal,Standard
2026-03-09,Widget A,South,439.19,28.22,5.0,Normal,Standard
2026-03-10,Widget A,North,430.87,25.21,0.0,Normal,Standard
2026-03-11,Widget B,North,542.06,63.5,15.0,Normal,Standard
2026-03-12,Widget B,North,646.35,53.98,5.0,Normal,Standard
2026-03-13,Widget B,North,408.26,61.04,0.0,Normal,Standard
2026-03-14,Widget B,North,526.78,23.33,0.0,Normal,Premium
2026-03-15,Widget C,North,567.17,38.86,20.0,Normal,Standard
2026-03-16,Widget B,East,596.24,22.48,0.0,Normal,Standard
2026-03-17,Widget A,South,539.41,29.65,0.0,Normal,Standard
2026-03-18,Widget B,West,479.63,26.98,0.0,Normal,Standard
2026-03-19,Widget A,North,428.97,38.71,0.0,Normal,Standard
2026-03-20,Widget B,South,529.48,33.25,0.0,Normal,Standard
2026-03-21,Widget B,South,1049.0,101.59,0.0,Anomaly,Standard
2026-03-22,Widget A,North,198.65,45.25,20.0,Normal,Standard
2026-03-23,Widget C,West,568.02,65.64,0.0,Normal,Standard
2026-03-24,Widget A,North,619.43,20.25,0.0,Normal,Standard
2026-03-25,Widget B,West,260.08,53.11,5.0,Normal,Standard
2026-03-26,Widget A,West,408.93,51.76,0.0,Normal,Standard
2026-03-27,Widget C,East,588.11,26.32,15.0,Normal,Premium
2026-03-28,Widget A,East,746.32,50.09,0.0,Normal,Standard
2026-03-29,Widget A,East,522.29,42.03,0.0,Normal,Standard
2026-03-30,Widget A,South,439.92,35.27,0.0,Normal,Standard
2026-03-31,Widget A,East,499.88,28.11,10.0,Normal,Standard
2026-04-01,Widget A,North,671.24,29.37,0.0,Normal,Standard
2026-04-02,Widget B,North,448.94,62.6,10.0,Normal,Standard
2026-04-03,Widget A,South,432.09,38.01,0.0,Normal,Standard
2026-04-04,Widget A,East,466.9,47.39,0.0,Normal,Standard
2026-04-05,Widget A,West,415.13,28.51,0.0,Normal,Standard
2026-04-06,Widget B,North,533.49,28.64,15.0,Normal,Standard
2026-04-07,Widget B,West,698.71,50.98,15.0,Normal,Standard
2026-04-08,Widget B,North,555.54,21.81,0.0,Normal,Standard
2026-04-09,Widget B,South,492.24,33.02,0.0,Normal,Standard
2026-04-10,Widget A,South,487.9,38.41,0.0,Normal,Premium
2026-04-11,Widget A,South,348.05,39.34,0.0,Normal,Standard
2026-04-12,Widget A,North,617.14,35.85,0.0,Normal,Standard
2026-04-13,Widget B,East,511.44,42.75,15.0,Normal,Standard
2026-04-14,Widget C,West,500.15,46.31,15.0,Normal,Standard
2026-04-15,Widget A,South,871.24,46.82,0.0,Normal,Premium
2026-04-16,Widget A,South,552.86,26.17,0.0,Normal,Standard
2026-04-17,Widget A,West,437.3,34.59,15.0,Normal,Standard
2026-04-18,Widget A,East,473.1,52.34,10.0,Normal,Standard
2026-04-19,Widget B,South,646.33,48.74,0.0,Normal,Standard
2026-04-20,Widget A,South,532.46,21.53,0.0,Normal,Standard
2026-04-21,Widget C,West,361.79,42.22,0.0,Normal,Standard
2026-04-22,Widget A,East,621.12,14.26,0.0,Normal,Standard
2026-04-23,Widget C,North,1062.84,143.15,0.0,Anomaly,Standard
2026-04-24,Widget B,South,726.06,60.77,0.0,Normal,Standard
2026-04-25,Widget B,West,638.81,26.63,5.0,Normal,Standard
2026-04-26,Widget B,North,470.79,27.99,0.0,Normal,Standard
2026-04-27,Widget B,West,1005.83,98.01,0.0,Anomaly,Standard
2026-04-28,Widget B,North,527.46,19.49,0.0,Normal,Standard
2026-04-29,Widget B,West,613.81,30.41,10.0,Normal,Standard
2026-04-30,Widget B,South,573.32,45.16,15.0,Normal,Standard
2026-05-01,Widget C,South,426.9,30.39,0.0,Normal,Standard
2026-05-02,Widget B,West,449.21,38.71,0.0,Normal,Standard
2026-05-03,Widget B,South,633.3,46.93,20.0,Normal,Premium
2026-05-04,Widget C,East,483.17,43.06,0.0,Normal,Premium
2026-05-05,Widget A,North,475.6,41.2,0.0,Normal,Standard
2026-05-06,Widget A,North,414.94,33.93,0.0,Normal,Standard
2026-05-07,Widget A,North,566.6,42.44,0.0,Normal,Standard
2026-05-08,Widget B,East,746.88,36.52,0.0,Normal,Standard
2026-05-09,Widget B,North,402.57,43.49,15.0,Normal,Standard
2026-05-10,Widget A,North,522.66,32.04,5.0,Normal,Standard
2026-05-11,Widget B,South,675.34,35.81,0.0,Normal,Standard
2026-05-12,Widget B,East,511.24,26.12,15.0,Normal,Standard
2026-05-13,Widget A,East,569.76,37.58,0.0,Normal,Standard
2026-05-14,Widget B,North,403.14,28.27,0.0,Normal,Standard
2026-05-15,Widget B,North,567.11,38.71,0.0,Normal,Premium
2026-05-16,Widget A,West,499.41,41.1,5.0,Normal,Standard
2026-05-17,Widget B,South,628.43,40.55,0.0,Normal,Standard
2026-05-18,Widget B,West,650.61,47.39,0.0,Normal,Standard
2026-05-19,Widget A,West,804.85,32.83,0.0,Normal,Standard
2026-05-20,Widget A,West,583.76,42.9,5.0,Normal,Standard
2026-05-21,Widget C,North,555.84,44.61,5.0,Normal,Standard
2026-05-22,Widget A,West,541.38,43.34,0.0,Normal,Standard
2026-05-23,Widget A,West,481.15,28.09,0.0,Normal,Standard
2026-05-24,Widget A,East,557.23,39.79,0.0,Normal,Standard
2026-05-25,Widget B,South,487.51,42.37,0.0,Normal,Standard
2026-05-26,Widget B,South,538.53,38.09,15.0,Normal,Standard
2026-05-27,Widget B,North,664.94,12.96,0.0,Normal,Standard
2026-05-28,Widget A,East,409.28,39.93,0.0,Normal,Standard
2026-05-29,Widget C,East,645.39,64.55,10.0,Normal,Standard
2026-05-30,Widget A,South,664.88,38.71,0.0,Normal,Standard
2026-05-31,Widget A,South,507.01,38.71,0.0,Normal,Standard
2026-06-01,Widget A,South,286.6,42.48,10.0,Normal,Standard
2026-06-02,Widget A,East,453.14,41.75,15.0,Normal,Standard
2026-06-03,Widget C,West,662.67,52.31,5.0,Normal,Standard
2026-06-04,Widget C,North,517.48,22.91,0.0,Normal,Standard
2026-06-05,Widget A,South,410.08,46.78,0.0,Normal,Standard
2026-06-06,Widget C,North,464.47,45.09,10.0,Normal,Standard
2026-06-07,Widget B,East,612.47,36.29,0.0,Normal,Standard
2026-06-08,Widget C,East,580.14,42.06,0.0,Normal,Standard
2026-06-09,Widget A,West,493.72,50.35,15.0,Normal,Standard
2026-06-10,Widget B,South,479.65,48.47,0.0,Normal,Standard
2026-06-11,Widget A,West,476.91,24.28,10.0,Normal,Standard
2026-06-12,Widget B,North,418.53,47.84,0.0,Normal,Standard
2026-06-13,Widget A,East,697.69,37.22,0.0,Normal,Standard
2026-06-14,Widget B,North,484.54,38.87,0.0,Normal,Standard
2026-06-15,Widget A,West,653.89,38.88,10.0,Normal,Standard
2026-06-16,Widget A,East,687.34,36.2,0.0,Normal,Standard
2026-06-17,Widget B,East,629.81,52.3,0.0,Normal,Premium
2026-06-18,Widget C,West,472.52,37.0,5.0,Normal,Standard
2026-06-19,Widget B,North,564.41,24.57,5.0,Normal,Standard
2026-06-20,Widget C,North,517.34,33.28,20.0,Normal,Premium
2026-06-21,Widget A,West,420.59,40.14,0.0,Normal,Standard
2026-06-22,Widget B,South,555.68,52.75,0.0,Normal,Standard
2026-06-23,Widget A,North,390.31,45.24,20.0,Normal,Standard
2026-06-24,Widget A,South,650.64,27.79,5.0,Normal,Standard
2026-06-25,Widget B,East,468.89,67.82,0.0,Normal,Standard
2026-06-26,Widget B,North,542.13,41.18,0.0,Normal,Standard
2026-06-27,Widget B,South,551.16,53.3,10.0,Normal,Standard
2026-06-28,Widget B,North,491.52,36.18,0.0,Normal,Standard
2026-06-29,Widget B,South,584.54,44.4,5.0,Normal,Standard
2026-06-30,Widget A,West,467.76,48.07,0.0,Normal,Standard
2026-07-01,Widget A,West,615.84,52.62,0.0,Normal,Standard
2026-07-02,Widget B,East,371.94,50.69,5.0,Normal,Premium
2026-07-03,Widget A,North,533.9,48.47,0.0,Normal,Standard
2026-07-04,Widget A,West,733.28,34.22,0.0,Normal,Standard
2026-07-05,Widget A,East,409.96,31.14,0.0,Normal,Premium
2026-07-06,Widget B,North,445.45,41.99,0.0,Normal,Standard
2026-07-07,Widget A,West,576.53,49.2,5.0,Normal,Standard
2026-07-08,Widget B,West,539.75,35.33,10.0,Normal,Standard
2026-07-09,Widget B,East,558.57,50.78,10.0,Normal,Standard
2026-07-10,Widget A,East,573.81,55.43,0.0,Normal,Standard
2026-07-11,Widget B,North,589.82,27.0,0.0,Normal,Standard
2026-07-12,Widget B,North,642.07,27.96,0.0,Normal,Standard
2026-07-13,Widget B,East,565.08,36.32,15.0,Normal,Standard
2026-07-14,Widget B,North,493.46,41.69,10.0,Normal,Premium
2026-07-15,Widget A,South,593.98,31.71,10.0,Normal,Standard
2026-07-16,Widget B,West,728.99,54.23,0.0,Normal,Standard
2026-07-17,Widget A,West,505.41,38.71,0.0,Normal,Premium
2026-07-18,Widget C,South,412.8,38.47,0.0,Normal,Standard
2026-07-19,Widget B,West,641.78,20.77,0.0,Normal,Standard
2026-07-20,Widget B,West,506.76,22.21,0.0,Normal,Standard
2026-07-21,Widget A,East,989.99,132.29,15.0,Anomaly,Standard
2026-07-22,Widget A,North,613.22,12.41,0.0,Normal,Standard
2026-07-23,Widget A,South,461.11,50.15,0.0,Normal,Standard
2026-07-24,Widget A,South,510.04,36.1,0.0,Normal,Standard
2026-07-25,Widget A,North,556.52,76.92,15.0,Normal,Standard
2026-07-26,Widget B,South,540.95,65.69,0.0,Normal,Premium
2026-07-27,Widget A,North,598.04,35.82,5.0,Normal,Standard
2026-07-28,Widget C,South,472.1,36.72,15.0,Normal,Standard
2026-07-29,Widget A,West,576.44,49.95,0.0,Normal,Standard
2026-07-30,Widget C,North,491.45,58.44,5.0,Normal,Standard
2026-07-31,Widget C,East,601.27,18.34,0.0,Normal,Premium
2026-08-01,Widget B,East,587.69,16.56,0.0,Normal,Standard
2026-08-02,Widget B,North,417.1,30.54,10.0,Normal,Premium
2026-08-03,Widget A,West,639.46,44.99,10.0,Normal,Standard
2026-08-04,Widget B,East,461.04,43.96,0.0,Normal,Standard
2026-08-05,Widget A,South,608.89,50.84,0.0,Normal,Standard
2026-08-06,Widget A,West,560.4,23.6,0.0,Normal,Premium
2026-08-07,Widget B,South,722.2,10.21,0.0,Normal,Premium
2026-08-08,Widget A,East,495.42,48.3,0.0,Normal,Standard
2026-08-09,Widget B,North,481.58,28.06,0.0,Normal,Standard
2026-08-10,Widget A,West,517.86,13.78,0.0,Normal,Standard
2026-08-11,Widget A,South,486.65,39.74,10.0,Normal,Standard
2026-08-12,Widget A,East,607.99,47.52,0.0,Normal,Standard
2026-08-13,Widget A,North,342.21,36.54,0.0,Normal,Standard
2026-08-14,Widget A,East,404.09,32.51,0.0,Normal,Premium
2026-08-15,Widget A,West,402.54,36.09,15.0,Normal,Standard
2026-08-16,Widget A,South,624.53,33.55,0.0,Normal,Standard
2026-08-17,Widget B,East,708.17,21.82,0.0,Normal,Standard
2026-08-18,Widget A,South,508.51,29.42,0.0,Normal,Standard
2026-08-19,Widget B,West,501.43,44.26,5.0,Normal,Premium
2026-08-20,Widget A,South,527.71,41.86,0.0,Normal,Standard
2026-08-21,Widget C,West,647.81,40.02,10.0,Normal,Standard
2026-08-22,Widget A,West,417.99,26.06,20.0,Normal,Premium
2026-08-23,Widget A,South,546.22,35.82,10.0,Normal,Standard
2026-08-24,Widget B,North,627.27,11.88,5.0,Normal,Standard
2026-08-25,Widget A,South,575.12,40.14,0.0,Normal,Standard
2026-08-26,Widget B,West,540.85,55.15,0.0,Normal,Standard
2026-08-27,Widget A,North,630.12,20.31,20.0,Normal,Standard
2026-08-28,Widget C,East,222.64,30.97,0.0,Normal,Standard
2026-08-29,Widget A,West,594.57,38.71,0.0,Normal,Standard
2026-08-30,Widget A,South,448.05,53.03,5.0,Normal,Standard
2026-08-31,Widget B,East,318.63,38.71,0.0,Normal,Standard
2026-09-01,Widget A,North,576.23,29.69,0.0,Normal,Standard
2026-09-02,Widget B,North,671.1,14.37,0.0,Normal,Standard
2026-09-03,Widget A,West,504.88,39.24,0.0,Normal,Standard
2026-09-04,Widget B,North,624.82,62.5,10.0,Normal,Standard
2026-09-05,Widget A,South,697.35,41.33,0.0,Normal,Standard
2026-09-06,Widget B,West,664.64,37.73,0.0,Normal,Standard
2026-09-07,Widget B,South,700.4,41.86,0.0,Normal,Standard
2026-09-08,Widget A,West,601.63,37.87,5.0,Normal,Standard
2026-09-09,Widget A,West,528.3,28.24,10.0,Normal,Standard
2026-09-10,Widget A,South,343.78,47.88,0.0,Normal,Standard
2026-09-11,Widget C,North,492.93,40.71,5.0,Normal,Premium
2026-09-12,Widget A,East,427.24,38.21,0.0,Normal,Standard
2026-09-13,Widget A,South,758.8,26.3,15.0,Normal,Standard
2026-09-14,Widget A,North,500.65,53.64,0.0,Normal,Standard
2026-09-15,Widget A,East,533.55,45.98,5.0,Normal,Standard
2026-09-16,Widget B,North,580.66,31.36,0.0,Normal,Standard
2026-09-17,Widget C,West,524.8,50.02,0.0,Normal,Premium
2026-09-18,Widget B,North,706.46,32.03,0.0,Normal,Standard
2026-09-19,Widget B,North,451.51,38.71,15.0,Normal,Premium
2026-09-20,Widget B,North,541.41,28.88,0.0,Normal,Standard
2026-09-21,Widget A,West,438.33,16.75,15.0,Normal,Premium
2026-09-22,Widget A,East,374.8,43.66,0.0,Normal,Standard
2026-09-23,Widget B,West,452.71,16.03,0.0,Normal,Standard
2026-09-24,Widget C,South,515.93,23.26,0.0,Normal,Standard
2026-09-25,Widget C,South,945.06,87.14,10.0,Anomaly,Standard
2026-09-26,Widget A,North,443.83,36.97,0.0,Normal,Standard
